FRED Graph Observations;;;;
Federal Reserve Economic Data;;;;downloaded from
Link: https://fred.stlouisfed.org;;;;https://fred.stlouisfed.org/series/GDPC1
Help: https://fred.stlouisfed.org/help-faq;;;;
Economic Research Division;;;;
Federal Reserve Bank of St. Louis;;;;
;;;;
GDPC1;Real Gross Domestic Product, Billions of Chained 2012 Dollars, Quarterly, Seasonally Adjusted Annual Rate;;;
;;;;
Frequency: Quarterly;;;;
observation_date;GDPC1;QoQ GDP growth rate;demeaned QoQ GDP growth rate;
1947-01-01;2033.061;;;
1947-04-01;2027.639;-0.266691457;-1.049155272;
1947-07-01;2023.452;-0.206496324;-0.98896014;
1947-10-01;2055.103;1.564208096;0.78174428;
1948-01-01;2086.017;1.504255504;0.721791689;
1948-04-01;2120.450;1.650657689;0.868193873;
1948-07-01;2132.598;0.572897262;-0.209566553;
1948-10-01;2134.981;0.111741641;-0.670722175;
1949-01-01;2105.562;-1.377951373;-2.160415188;
1949-04-01;2098.380;-0.341096581;-1.123560397;
1949-07-01;2120.044;1.032415482;0.249951667;
1949-10-01;2102.251;-0.839275034;-1.621738849;
1950-01-01;2184.872;3.930120618;3.147656803;
1950-04-01;2251.507;3.049835414;2.267371598;
1950-07-01;2338.514;3.864389496;3.08192568;
1950-10-01;2383.291;1.914762965;1.132299149;
1951-01-01;2415.660;1.358163984;0.575700169;
1951-04-01;2457.517;1.732735567;0.950271752;
1951-07-01;2508.166;2.060982691;1.278518876;
1951-10-01;2513.690;0.220240606;-0.562223209;
1952-01-01;2540.550;1.068548628;0.286084812;
1952-04-01;2546.022;0.215386432;-0.567077383;
1952-07-01;2564.401;0.721871217;-0.060592598;
1952-10-01;2648.621;3.284197752;2.501733937;
1953-01-01;2697.855;1.858854098;1.076390283;
1953-04-01;2718.709;0.772984464;-0.009479352;
1953-07-01;2703.411;-0.562693543;-1.345157359;
1953-10-01;2662.482;-1.513976232;-2.296440048;
1954-01-01;2649.755;-0.478012621;-1.260476437;
1954-04-01;2652.643;0.108991209;-0.673472607;
1954-07-01;2682.601;1.129364185;0.34690037;
1954-10-01;2735.091;1.956683085;1.174219269;
1955-01-01;2813.212;2.856248659;2.073784843;
1955-04-01;2858.988;1.627179182;0.844715366;
1955-07-01;2897.598;1.350477861;0.568014046;
1955-10-01;2914.993;0.600324821;-0.182138995;
1956-01-01;2903.671;-0.388405735;-1.170869551;
1956-04-01;2927.665;0.826333286;0.043869471;
1956-07-01;2925.035;-0.089832682;-0.872296498;
1956-10-01;2973.179;1.645929023;0.863465208;
1957-01-01;2992.219;0.640391984;-0.142071831;
1957-04-01;2985.663;-0.21910161;-1.001565425;
1957-07-01;3014.919;0.97988286;0.197419045;
1957-10-01;2983.727;-1.034588326;-1.817052141;
1958-01-01;2906.274;-2.595847408;-3.378311224;
1958-04-01;2925.379;0.657370915;-0.1250929;
1958-07-01;2993.068;2.313854034;1.531390218;
1958-10-01;3063.085;2.339305355;1.556841539;
1959-01-01;3121.936;1.921298299;1.138834483;
1959-04-01;3192.380;2.256420375;1.47395656;
1959-07-01;3194.653;0.071200797;-0.711263019;
1959-10-01;3203.759;0.285038782;-0.497425033;
1960-01-01;3275.757;2.247297628;1.464833812;
1960-04-01;3258.088;-0.539386774;-1.321850589;
1960-07-01;3274.029;0.489274691;-0.293189124;
1960-10-01;3232.009;-1.283433959;-2.065897774;
1961-01-01;3253.826;0.675029061;-0.107434755;
1961-04-01;3309.059;1.697478599;0.915014784;
1961-07-01;3372.581;1.91963939;1.137175574;
1961-10-01;3438.721;1.961109311;1.178645495;
1962-01-01;3500.054;1.783599193;1.001135377;
1962-04-01;3531.683;0.903671772;0.121207956;
1962-07-01;3575.070;1.228507768;0.446043953;
1962-10-01;3586.827;0.328860694;-0.453603122;
1963-01-01;3625.981;1.091605477;0.309141662;
1963-04-01;3666.669;1.122123916;0.339660101;
1963-07-01;3747.278;2.198425874;1.415962058;
1963-10-01;3771.845;0.655595875;-0.12686794;
1964-01-01;3851.366;2.108278575;1.325814759;
1964-04-01;3893.296;1.088704631;0.306240816;
1964-07-01;3954.121;1.56230094;0.779837124;
1964-10-01;3966.335;0.308892925;-0.473570891;
1965-01-01;4062.311;2.41976535;1.637301535;
1965-04-01;4113.629;1.263271079;0.480807263;
1965-07-01;4205.086;2.223268068;1.440804253;
1965-10-01;4301.973;2.304043247;1.521579431;
1966-01-01;4406.693;2.434231921;1.651768106;
1966-04-01;4421.747;0.341616718;-0.440847097;
1966-07-01;4459.195;0.846905081;0.064441265;
1966-10-01;4495.777;0.820372287;0.037908471;
1967-01-01;4535.591;0.885586629;0.103122814;
1967-04-01;4538.370;0.061270957;-0.721192859;
1967-07-01;4581.309;0.946132642;0.163668827;
1967-10-01;4615.853;0.754020303;-0.028443513;
1968-01-01;4709.993;2.039493025;1.25702921;
1968-04-01;4788.688;1.670809277;0.888345462;
1968-07-01;4825.799;0.774972184;-0.007491631;
1968-10-01;4844.779;0.393302746;-0.389161069;
1969-01-01;4920.605;1.565107511;0.782643695;
1969-04-01;4935.564;0.304007332;-0.478456483;
1969-07-01;4968.164;0.660512152;-0.121951663;
1969-10-01;4943.935;-0.487685189;-1.270149005;
1970-01-01;4936.594;-0.148484962;-0.930948777;
1970-04-01;4943.600;0.141919712;-0.640544103;
1970-07-01;4989.159;0.92157537;0.139111555;
1970-10-01;4935.693;-1.071643538;-1.854107353;
1971-01-01;5069.746;2.715991452;1.933527637;
1971-04-01;5097.179;0.541111922;-0.241351894;
1971-07-01;5139.128;0.822984635;0.04052082;
1971-10-01;5151.245;0.2357793;-0.546684516;
1972-01-01;5245.974;1.838953496;1.05648968;
1972-04-01;5365.045;2.269759629;1.487295814;
1972-07-01;5415.712;0.94439096;0.161927145;
1972-10-01;5506.396;1.674461271;0.891997456;
1973-01-01;5642.669;2.474812927;1.692349111;
1973-04-01;5704.098;1.088651487;0.306187672;
1973-07-01;5674.100;-0.525902605;-1.308366421;
1973-10-01;5727.960;0.949225428;0.166761612;
1974-01-01;5678.713;-0.859765082;-1.642228898;
1974-04-01;5692.210;0.237677093;-0.544786722;
1974-07-01;5638.411;-0.945133788;-1.727597604;
1974-10-01;5616.526;-0.388141269;-1.170605084;
1975-01-01;5548.156;-1.217300516;-1.999764332;
1975-04-01;5587.800;0.714543715;-0.0679201;
1975-07-01;5683.444;1.71165754;0.929193724;
1975-10-01;5759.972;1.346507505;0.564043689;
1976-01-01;5889.500;2.248760931;1.466297116;
1976-04-01;5932.711;0.73369556;-0.048768256;
1976-07-01;5965.265;0.548720475;-0.23374334;
1976-10-01;6008.504;0.724846256;-0.05761756;
1977-01-01;6079.494;1.181492099;0.399028283;
1977-04-01;6197.686;1.944109164;1.161645349;
1977-07-01;6309.514;1.80435085;1.021887034;
1977-10-01;6309.652;0.002187173;-0.780276642;
1978-01-01;6329.791;0.319177666;-0.463286149;
1978-04-01;6574.390;3.86425081;3.081786995;
1978-07-01;6640.497;1.005522946;0.22305913;
1978-10-01;6729.755;1.344146379;0.561682564;
1979-01-01;6741.854;0.179783662;-0.602680153;
1979-04-01;6749.063;0.106929044;-0.675534772;
1979-07-01;6799.200;0.742873492;-0.039590323;
1979-10-01;6816.203;0.250073538;-0.532390277;
1980-01-01;6837.641;0.314515281;-0.467948535;
1980-04-01;6696.753;-2.060476705;-2.842940521;
1980-07-01;6688.794;-0.118848642;-0.901312457;
1980-10-01;6813.535;1.864925127;1.082461312;
1981-01-01;6947.042;1.959438089;1.176974274;
1981-04-01;6895.559;-0.741078001;-1.523541817;
1981-07-01;6978.135;1.197524378;0.415060562;
1981-10-01;6902.105;-1.089546132;-1.872009948;
1982-01-01;6794.878;-1.55354055;-2.336004366;
1982-04-01;6825.876;0.456196565;-0.326267251;
1982-07-01;6799.781;-0.382295254;-1.16475907;
1982-10-01;6802.497;0.039942463;-0.742521353;
1983-01-01;6892.144;1.317854311;0.535390496;
1983-04-01;7048.982;2.275605385;1.493141569;
1983-07-01;7189.896;1.999068802;1.216604986;
1983-10-01;7339.893;2.086219328;1.303755512;
1984-01-01;7483.371;1.95476964;1.172305825;
1984-04-01;7612.668;1.727790858;0.945327042;
1984-07-01;7686.059;0.96406411;0.181600295;
1984-10-01;7749.151;0.820862811;0.038398996;
1985-01-01;7824.247;0.969086807;0.186622992;
1985-04-01;7893.136;0.880455333;0.097991518;
1985-07-01;8013.674;1.527124327;0.744660511;
1985-10-01;8073.239;0.743292028;-0.039171787;
1986-01-01;8148.603;0.933503889;0.151040073;
1986-04-01;8185.303;0.450383949;-0.332079866;
1986-07-01;8263.639;0.957032379;0.174568563;
1986-10-01;8308.021;0.537075736;-0.245388079;
1987-01-01;8369.930;0.745171443;-0.037292372;
1987-04-01;8460.233;1.078897912;0.296434096;
1987-07-01;8533.635;0.867612039;0.085148223;
1987-10-01;8680.162;1.717052581;0.934588765;
1988-01-01;8725.006;0.516626303;-0.265837513;
1988-04-01;8839.641;1.313867291;0.531403476;
1988-07-01;8891.435;0.585928772;-0.196535043;
1988-10-01;9009.913;1.332495823;0.550032008;
1989-01-01;9101.508;1.016602491;0.234138676;
1989-04-01;9170.977;0.76326912;-0.019194696;
1989-07-01;9238.923;0.740880715;-0.0415831;
1989-10-01;9257.128;0.197046777;-0.585417038;
1990-01-01;9358.289;1.092790334;0.310326519;
1990-04-01;9392.251;0.36290822;-0.419555596;
1990-07-01;9398.499;0.066522924;-0.715940891;
1990-10-01;9312.937;-0.910379413;-1.692843228;
1991-01-01;9269.367;-0.467843818;-1.250307633;
1991-04-01;9341.642;0.779718831;-0.002744985;
1991-07-01;9388.845;0.505296606;-0.277167209;
1991-10-01;9421.565;0.34849867;-0.433965145;
1992-01-01;9534.346;1.197051658;0.414587842;
1992-04-01;9637.732;1.084353347;0.301889532;
1992-07-01;9732.979;0.98827193;0.205808114;
1992-10-01;9834.510;1.043164688;0.260700872;
1993-01-01;9850.973;0.167400308;-0.615063508;
1993-04-01;9908.347;0.582419625;-0.200044191;
1993-07-01;9955.641;0.477314733;-0.305149083;
1993-10-01;10091.049;1.360113327;0.577649511;
1994-01-01;10188.954;0.970216278;0.187752462;
1994-04-01;10327.019;1.355045866;0.572582051;
1994-07-01;10387.382;0.584515241;-0.197948574;
1994-10-01;10506.372;1.145524445;0.363060629;
1995-01-01;10543.644;0.354756142;-0.427707673;
1995-04-01;10575.100;0.298340877;-0.484122938;
1995-07-01;10665.060;0.850677535;0.06821372;
1995-10-01;10737.478;0.679021028;-0.103442788;
1996-01-01;10817.896;0.74894682;-0.033516996;
1996-04-01;10998.322;1.667847426;0.885383611;
1996-07-01;11096.976;0.896991377;0.114527562;
1996-10-01;11212.205;1.038381988;0.255918173;
1997-01-01;11284.587;0.645564365;-0.136899451;
1997-04-01;11472.137;1.662001454;0.879537638;
1997-07-01;11615.636;1.250848033;0.468384217;
1997-10-01;11715.393;0.858816513;0.076352697;
1998-01-01;11832.486;0.999479915;0.2170161;
1998-04-01;11942.032;0.925807138;0.143343323;
1998-07-01;12091.614;1.252567402;0.470103587;
1998-10-01;12287.000;1.615880229;0.833416414;
1999-01-01;12403.293;0.946471881;0.164008065;
1999-04-01;12498.694;0.769158642;-0.013305173;
1999-07-01;12662.385;1.309664834;0.527201018;
1999-10-01;12877.593;1.699585031;0.917121215;
2000-01-01;12924.179;0.361760152;-0.420703664;
2000-04-01;13160.842;1.831164672;1.048700857;
2000-07-01;13178.419;0.133555285;-0.648908531;
2000-10-01;13260.506;0.622889589;-0.159574226;
2001-01-01;13222.690;-0.285177655;-1.06764147;
2001-04-01;13299.984;0.58455579;-0.197908025;
2001-07-01;13244.784;-0.415038093;-1.197501909;
2001-10-01;13280.859;0.272371373;-0.510092443;
2002-01-01;13397.002;0.874514216;0.092050401;
2002-04-01;13478.152;0.605732536;-0.176731279;
2002-07-01;13538.072;0.444571333;-0.337892483;
2002-10-01;13559.032;0.154822636;-0.627641179;
2003-01-01;13634.253;0.554766741;-0.227697074;
2003-04-01;13751.543;0.860259818;0.077796002;
2003-07-01;13985.073;1.69820943;0.915745615;
2003-10-01;14145.645;1.148167049;0.365703234;
2004-01-01;14221.147;0.533747312;-0.248716503;
2004-04-01;14329.523;0.762076364;-0.020387451;
2004-07-01;14464.984;0.945328048;0.162864232;
2004-10-01;14609.876;1.001674112;0.219210296;
2005-01-01;14771.602;1.106963536;0.324499721;
2005-04-01;14839.782;0.461561312;-0.320902503;
2005-07-01;14972.054;0.891333848;0.108870033;
2005-10-01;15066.597;0.631463125;-0.151000691;
2006-01-01;15267.026;1.330287125;0.547823309;
2006-04-01;15302.705;0.23369974;-0.548764076;
2006-07-01;15326.368;0.154632792;-0.627831023;
2006-10-01;15456.928;0.85186523;0.069401414;
2007-01-01;15493.328;0.235493107;-0.546970708;
2007-04-01;15582.085;0.5728724;-0.209591415;
2007-07-01;15666.738;0.543271327;-0.239192488;
2007-10-01;15761.967;0.607841913;-0.174621902;
2008-01-01;15671.383;-0.574699846;-1.357163661;
2008-04-01;15752.308;0.516387099;-0.266076717;
2008-07-01;15667.032;-0.541355591;-1.323819406;
2008-10-01;15328.027;-2.163811244;-2.946275059;
2009-01-01;15155.940;-1.122695047;-1.905158863;
2009-04-01;15134.117;-0.143989749;-0.926453565;
2009-07-01;15189.222;0.364111101;-0.418352715;
2009-10-01;15356.058;1.098384104;0.315920289;
2010-01-01;15415.145;0.38477974;-0.397684076;
2010-04-01;15557.277;0.922028304;0.139564489;
2010-07-01;15671.967;0.737211274;-0.045252541;
2010-10-01;15750.625;0.501902537;-0.280561278;
2011-01-01;15712.754;-0.240441252;-1.022905068;
2011-04-01;15825.096;0.714973327;-0.067490489;
2011-07-01;15820.700;-0.027778662;-0.810242478;
2011-10-01;16004.107;1.159284987;0.376821172;
2012-01-01;16129.418;0.782992766;0.00052895;
2012-04-01;16198.807;0.430201511;-0.352262304;
2012-07-01;16220.667;0.134948209;-0.647515606;
2012-10-01;16239.138;0.113873246;-0.66859057;
2013-01-01;16382.964;0.885675089;0.103211274;
2013-04-01;16403.180;0.123396475;-0.659067341;
2013-07-01;16531.685;0.783415167;0.000951352;
2013-10-01;16663.649;0.798248938;0.015785123;
2014-01-01;16621.696;-0.251763584;-1.0342274;
2014-04-01;16830.111;1.253873251;0.471409435;
2014-07-01;17033.572;1.208910625;0.426446809;
2014-10-01;17113.945;0.471850531;-0.310613284;
2015-01-01;17254.744;0.822715043;0.040251228;
2015-04-01;17397.029;0.824613799;0.042149984;
2015-07-01;17438.802;0.240115712;-0.542348104;
2015-10-01;17456.225;0.099909386;-0.682554429;
2016-01-01;17523.374;0.384670798;-0.397793018;
2016-04-01;17622.486;0.56559884;-0.216864976;
2016-07-01;17706.705;0.477906466;-0.30455735;
2016-10-01;17784.185;0.437574354;-0.344889462;
2017-01-01;17863.023;0.44330398;-0.339159835;
2017-04-01;17995.150;0.739667636;-0.042796179;
2017-07-01;18120.843;0.698482647;-0.083981169;
2017-10-01;18223.758;0.567937154;-0.214526662;
2018-01-01;18323.963;0.549859145;-0.23260467;
2018-04-01;18511.576;1.023866944;0.241403129;
